sample_id	gene	impact	AF	consequence
S039	GENE25	stop_gained	0.0	high
S029	GENE1	stop_gained	0.0282	high
S015	GENE21	synonymous_variant	3e-05	low
S043	GENE22	synonymous_variant	0.12123	low
S008	GENE21	missense_variant	0.01708	moderate
S021	GENE6	missense_variant	0.00416	moderate
S039	GENE6	missense_variant	0.02618	moderate
S019	GENE23	missense_variant	0.00058	moderate
S023	GENE16	missense_variant	0.00771	moderate
S011	GENE4	stop_gained	0.01804	high
S011	GENE30	missense_variant	0.04358	moderate
S024	GENE11	missense_variant	0.08162	moderate
S036	GENE30	missense_variant	0.14348	moderate
S040	GENE30	splice_donor_variant	0.01101	high
S024	GENE30	stop_gained	0.18707	high
S003	GENE24	frameshift_variant	0.00125	high
S022	GENE23	missense_variant	0.00574	moderate
S002	GENE9	synonymous_variant	0.00018	low
S024	GENE23	frameshift_variant	0.00958	high
S044	GENE3	synonymous_variant	0.05719	low
S030	GENE19	missense_variant	0.03281	moderate
S038	GENE8	missense_variant	0.01982	moderate
S002	GENE5	splice_donor_variant	0.00611	high
S021	GENE4	missense_variant	0.15557	moderate
S033	GENE24	missense_variant	0.02316	moderate
S012	GENE6	frameshift_variant	0.18529	high
S022	GENE2	frameshift_variant	0.04095	high
S044	GENE20	synonymous_variant	0.05298	low
S025	GENE28	synonymous_variant	0.094	low
S049	GENE11	stop_gained	0.00073	high
S027	GENE4	missense_variant	0.1112	moderate
S042	GENE15	synonymous_variant	0.05798	low
S028	GENE6	synonymous_variant	0.04074	low
S016	GENE22	synonymous_variant	0.07308	low
S015	GENE17	missense_variant	0.07106	moderate
S047	GENE30	missense_variant	0.16477	moderate
S044	GENE24	splice_donor_variant	0.02324	high
S003	GENE6	splice_donor_variant	0.03666	high
S037	GENE19	missense_variant	0.0028	moderate
S007	GENE30	missense_variant	0.00163	moderate
S021	GENE25	frameshift_variant	0.02416	high
S009	GENE2	synonymous_variant	0.0002	low
S039	GENE15	missense_variant	0.00807	moderate
S018	GENE11	missense_variant	0.00125	moderate
S004	GENE8	missense_variant	0.14115	moderate
S025	GENE26	missense_variant	0.00182	moderate
S014	GENE19	frameshift_variant	0.27803	high
S050	GENE13	frameshift_variant	0.1352	high
S009	GENE12	stop_gained	0.02261	high
S026	GENE5	frameshift_variant	0.03648	high
S002	GENE6	missense_variant	0.27709	moderate
S020	GENE26	missense_variant	0.00258	moderate
S028	GENE22	stop_gained	0.01724	high
S047	GENE4	missense_variant	0.04302	moderate
S007	GENE19	splice_donor_variant	0.03155	high
S044	GENE20	synonymous_variant	0.08892	low
S008	GENE1	synonymous_variant	0.00657	low
S047	GENE20	frameshift_variant	0.12291	high
S035	GENE17	missense_variant	0.00329	moderate
S014	GENE12	stop_gained	0.00011	high
S017	GENE15	missense_variant	0.00041	moderate
S036	GENE1	missense_variant	0.22025	moderate
S050	GENE26	frameshift_variant	0.07223	high
S040	GENE14	missense_variant	0.06237	moderate
S004	GENE6	frameshift_variant	0.14786	high
S002	GENE5	frameshift_variant	0.01813	high
S006	GENE30	missense_variant	0.12229	moderate
S042	GENE11	splice_donor_variant	0.08247	high
S004	GENE4	missense_variant	5e-05	moderate
S029	GENE13	missense_variant	0.08373	moderate
S018	GENE11	synonymous_variant	0.01972	low
S026	GENE3	frameshift_variant	1e-05	high
S044	GENE1	missense_variant	0.10913	moderate
S034	GENE6	missense_variant	0.05598	moderate
S010	GENE18	missense_variant	3e-05	moderate
S036	GENE24	synonymous_variant	0.00083	low
S014	GENE10	missense_variant	0.00138	moderate
S031	GENE5	missense_variant	0.09856	moderate
S048	GENE23	missense_variant	0.15108	moderate
S015	GENE10	synonymous_variant	6e-05	low
S008	GENE12	synonymous_variant	0.01982	low
S014	GENE2	missense_variant	0.07022	moderate
S023	GENE13	missense_variant	0.08525	moderate
S040	GENE8	frameshift_variant	0.00299	high
S021	GENE2	frameshift_variant	0.2287	high
S016	GENE20	missense_variant	0.10716	moderate
S045	GENE1	stop_gained	0.00297	high
S018	GENE5	missense_variant	0.02201	moderate
S047	GENE9	frameshift_variant	0.17788	high
S024	GENE17	splice_donor_variant	0.04709	high
S026	GENE9	missense_variant	0.0171	moderate
S025	GENE11	synonymous_variant	0.00016	low
S045	GENE15	stop_gained	0.12212	high
S041	GENE24	missense_variant	0.00421	moderate
S029	GENE6	synonymous_variant	0.05348	low
S015	GENE23	stop_gained	0.04561	high
S045	GENE3	missense_variant	0.03992	moderate
S001	GENE30	missense_variant	0.09264	moderate
S025	GENE17	splice_donor_variant	0.05245	high
S007	GENE5	synonymous_variant	0.0126	low
S009	GENE30	frameshift_variant	0.0626	high
S024	GENE28	missense_variant	0.00021	moderate
S001	GENE12	missense_variant	0.07306	moderate
S044	GENE18	stop_gained	0.19197	high
S008	GENE14	missense_variant	0.07023	moderate
S024	GENE21	synonymous_variant	0.11537	low
S011	GENE24	frameshift_variant	0.09528	high
S017	GENE11	synonymous_variant	0.14307	low
S008	GENE9	missense_variant	0.01622	moderate
S035	GENE2	missense_variant	0.01852	moderate
S035	GENE12	missense_variant	0.02582	moderate
S033	GENE3	splice_donor_variant	0.10626	high
S005	GENE3	synonymous_variant	0.13284	low
S042	GENE1	synonymous_variant	0.17967	low
S039	GENE8	missense_variant	0.03579	moderate
S041	GENE22	missense_variant	0.03273	moderate
S028	GENE28	missense_variant	0.02621	moderate
S007	GENE29	missense_variant	0.18633	moderate
S009	GENE8	missense_variant	0.00595	moderate
S008	GENE11	missense_variant	0.04333	moderate
S012	GENE9	missense_variant	0.01469	moderate
S034	GENE5	missense_variant	0.0525	moderate
S033	GENE14	missense_variant	0.02208	moderate
S048	GENE28	stop_gained	0.18554	high
S023	GENE30	frameshift_variant	0.07622	high
S024	GENE3	missense_variant	0.17768	moderate
S037	GENE21	missense_variant	0.04999	moderate
S035	GENE5	missense_variant	0.04456	moderate
S044	GENE5	missense_variant	0.02479	moderate
S040	GENE19	missense_variant	0.01763	moderate
S022	GENE27	missense_variant	3e-05	moderate
S027	GENE14	splice_donor_variant	0.01075	high
S035	GENE26	missense_variant	0.01997	moderate
S001	GENE30	missense_variant	0.01554	moderate
S035	GENE4	synonymous_variant	0.05304	low
S037	GENE25	missense_variant	0.01299	moderate
S047	GENE13	stop_gained	0.00022	high
S014	GENE10	frameshift_variant	0.01044	high
S003	GENE25	stop_gained	0.0641	high
S001	GENE18	missense_variant	0.00018	moderate
S005	GENE8	splice_donor_variant	0.01496	high
S026	GENE8	missense_variant	0.1	moderate
S014	GENE7	missense_variant	0.0001	moderate
S039	GENE8	stop_gained	0.0018	high
S027	GENE14	missense_variant	0.03721	moderate
S009	GENE19	frameshift_variant	0.06691	high
S015	GENE29	missense_variant	0.10595	moderate
S015	GENE6	frameshift_variant	0.16219	high
S026	GENE1	missense_variant	0.00771	moderate
S042	GENE23	frameshift_variant	0.01318	high
S013	GENE15	synonymous_variant	0.07685	low
S032	GENE1	missense_variant	0.07936	moderate
S039	GENE25	missense_variant	0.00023	moderate
S049	GENE17	missense_variant	0.02334	moderate
S032	GENE1	missense_variant	0.0162	moderate
S004	GENE15	missense_variant	0.0235	moderate
S030	GENE23	missense_variant	0.00293	moderate
S037	GENE2	missense_variant	0.04923	moderate
S023	GENE14	missense_variant	0.11377	moderate
S039	GENE21	missense_variant	0.00566	moderate
S045	GENE8	stop_gained	0.00148	high
S015	GENE8	missense_variant	0.00877	moderate
S043	GENE19	missense_variant	0.03612	moderate
S029	GENE7	missense_variant	0.00183	moderate
S036	GENE19	missense_variant	0.05862	moderate
S013	GENE6	missense_variant	0.00291	moderate
S032	GENE6	synonymous_variant	0.00176	low
S007	GENE3	splice_donor_variant	0.00021	high
S022	GENE7	missense_variant	0.04397	moderate
S028	GENE19	missense_variant	0.02222	moderate
S002	GENE8	missense_variant	0.0185	moderate
S042	GENE10	missense_variant	0.0852	moderate
S045	GENE20	frameshift_variant	0.03809	high
S006	GENE15	missense_variant	0.07598	moderate
S028	GENE15	missense_variant	0.02647	moderate
S028	GENE29	missense_variant	0.06009	moderate
S044	GENE1	missense_variant	0.0991	moderate
S044	GENE20	missense_variant	0.06225	moderate
S020	GENE30	missense_variant	0.0159	moderate
S030	GENE7	missense_variant	0.01262	moderate
S011	GENE27	stop_gained	0.18018	high
S028	GENE4	missense_variant	0.00853	moderate
S025	GENE29	stop_gained	0.00523	high
S039	GENE6	missense_variant	0.07329	moderate
S033	GENE25	missense_variant	0.00954	moderate
S001	GENE1	missense_variant	0.03077	moderate
S027	GENE29	missense_variant	0.0036	moderate
S013	GENE5	stop_gained	0.06151	high
S041	GENE27	missense_variant	0.05466	moderate
S003	GENE23	splice_donor_variant	0.00267	high
S039	GENE1	missense_variant	0.0252	moderate
S006	GENE30	synonymous_variant	0.04519	low
S008	GENE4	stop_gained	0.02501	high
S027	GENE22	missense_variant	0.00186	moderate
S009	GENE2	missense_variant	0.03267	moderate
S037	GENE10	missense_variant	0.00018	moderate
S033	GENE5	frameshift_variant	0.16076	high
S042	GENE27	frameshift_variant	0.00307	high
S044	GENE10	synonymous_variant	0.06031	low
S024	GENE1	missense_variant	0.02417	moderate
S015	GENE22	splice_donor_variant	0.00374	high
S032	GENE6	missense_variant	0.03409	moderate
S032	GENE13	missense_variant	0.00086	moderate
S024	GENE15	frameshift_variant	0.0698	high
S041	GENE4	missense_variant	0.01184	moderate
S049	GENE13	missense_variant	0.17849	moderate
S049	GENE24	synonymous_variant	0.0049	low
S012	GENE20	splice_donor_variant	0.00563	high
S039	GENE24	missense_variant	0.13688	moderate
S002	GENE15	missense_variant	0.02918	moderate
S003	GENE29	missense_variant	0.05298	moderate
S049	GENE8	missense_variant	0.00417	moderate
S037	GENE5	missense_variant	0.00362	moderate
S049	GENE29	missense_variant	0.02826	moderate
S017	GENE15	missense_variant	0.07249	moderate
S049	GENE4	missense_variant	0.0	moderate
S002	GENE12	synonymous_variant	0.03382	low
S002	GENE13	missense_variant	0.09521	moderate
S028	GENE2	missense_variant	0.12647	moderate
S023	GENE27	stop_gained	0.01347	high
S037	GENE19	synonymous_variant	0.0672	low
S032	GENE19	frameshift_variant	0.01175	high
S033	GENE4	frameshift_variant	4e-05	high
S001	GENE4	stop_gained	0.02157	high
S019	GENE26	missense_variant	0.04383	moderate
S002	GENE11	frameshift_variant	0.02818	high
S044	GENE27	frameshift_variant	0.05825	high
S026	GENE5	stop_gained	0.00195	high
S032	GENE20	frameshift_variant	0.00385	high
S006	GENE11	missense_variant	0.05004	moderate
S032	GENE30	missense_variant	0.0913	moderate
S004	GENE10	missense_variant	0.00258	moderate
S011	GENE8	missense_variant	0.17406	moderate
S017	GENE6	missense_variant	0.00135	moderate
S038	GENE6	stop_gained	0.06544	high
S024	GENE8	splice_donor_variant	0.03399	high
S005	GENE23	synonymous_variant	0.00454	low
S034	GENE15	missense_variant	0.059	moderate
S006	GENE26	splice_donor_variant	0.00392	high
S022	GENE14	missense_variant	0.16838	moderate
S011	GENE11	splice_donor_variant	3e-05	high
S048	GENE12	missense_variant	0.08244	moderate
S016	GENE26	frameshift_variant	0.02712	high
S033	GENE13	frameshift_variant	0.07525	high
S009	GENE8	frameshift_variant	0.01491	high
S006	GENE30	synonymous_variant	0.01666	low
S016	GENE18	missense_variant	0.01375	moderate
S029	GENE25	frameshift_variant	0.03661	high
S003	GENE1	frameshift_variant	0.06547	high
S020	GENE15	missense_variant	0.00788	moderate
S036	GENE8	frameshift_variant	0.00443	high
S019	GENE28	frameshift_variant	0.03322	high
S026	GENE11	synonymous_variant	0.01167	low
S003	GENE12	splice_donor_variant	0.06751	high
S019	GENE12	missense_variant	0.03476	moderate
S020	GENE4	synonymous_variant	0.01314	low
S032	GENE16	missense_variant	0.01011	moderate
S007	GENE4	stop_gained	0.00442	high
S041	GENE5	frameshift_variant	0.0159	high
S033	GENE24	missense_variant	0.06737	moderate
S040	GENE5	synonymous_variant	0.28479	low
S039	GENE8	missense_variant	0.00378	moderate
S018	GENE10	frameshift_variant	0.01527	high
S040	GENE17	missense_variant	0.05869	moderate
S001	GENE28	synonymous_variant	0.01547	low
S011	GENE26	missense_variant	0.08556	moderate
S028	GENE9	synonymous_variant	0.22934	low
S025	GENE22	missense_variant	0.01608	moderate
S050	GENE19	missense_variant	0.01101	moderate
S023	GENE29	missense_variant	3e-05	moderate
S031	GENE14	splice_donor_variant	0.01044	high
S030	GENE8	frameshift_variant	0.01746	high
S042	GENE9	missense_variant	0.00038	moderate
S035	GENE22	splice_donor_variant	0.0243	high
S007	GENE11	synonymous_variant	0.00937	low
S016	GENE23	synonymous_variant	0.01335	low
S026	GENE1	missense_variant	0.01763	moderate
S048	GENE14	stop_gained	0.01338	high
S049	GENE5	splice_donor_variant	0.17117	high
S002	GENE21	frameshift_variant	0.00059	high
S001	GENE26	missense_variant	0.13683	moderate
S048	GENE14	missense_variant	0.0002	moderate
S012	GENE4	synonymous_variant	0.00174	low
S005	GENE22	missense_variant	0.0503	moderate
S037	GENE23	synonymous_variant	0.04313	low
S032	GENE25	synonymous_variant	0.00087	low
S009	GENE1	splice_donor_variant	0.00043	high
S041	GENE22	synonymous_variant	0.04314	low
S035	GENE23	missense_variant	0.2267	moderate
S019	GENE19	splice_donor_variant	0.00191	high
S048	GENE8	missense_variant	0.04522	moderate
S016	GENE15	splice_donor_variant	0.00161	high
S003	GENE21	missense_variant	0.01772	moderate
S020	GENE15	missense_variant	0.06832	moderate
S024	GENE9	missense_variant	0.02226	moderate
S033	GENE21	missense_variant	0.114	moderate
S024	GENE9	missense_variant	0.00723	moderate
S011	GENE10	missense_variant	0.01491	moderate
S049	GENE20	missense_variant	0.00284	moderate
S008	GENE25	missense_variant	0.06009	moderate
S036	GENE21	stop_gained	0.0035	high
S038	GENE26	missense_variant	0.00406	moderate
S040	GENE9	frameshift_variant	0.07952	high
S020	GENE3	missense_variant	0.01807	moderate
S035	GENE20	missense_variant	0.00126	moderate
S048	GENE25	missense_variant	0.03349	moderate
S025	GENE26	missense_variant	0.09203	moderate
S035	GENE11	synonymous_variant	0.00998	low
S025	GENE6	missense_variant	0.06209	moderate
S029	GENE2	synonymous_variant	0.01804	low
S018	GENE7	missense_variant	0.02358	moderate
S046	GENE18	frameshift_variant	0.23069	high
S018	GENE27	frameshift_variant	0.03216	high
S002	GENE2	missense_variant	0.03745	moderate
S035	GENE27	frameshift_variant	0.00038	high
S016	GENE17	missense_variant	0.00551	moderate
S041	GENE11	missense_variant	0.18228	moderate
S036	GENE27	missense_variant	0.07235	moderate
S033	GENE12	missense_variant	0.06503	moderate
S004	GENE27	missense_variant	0.05481	moderate
S033	GENE19	missense_variant	0.10713	moderate
S014	GENE22	missense_variant	0.01818	moderate
S021	GENE24	missense_variant	0.05301	moderate
S048	GENE25	synonymous_variant	0.01777	low
S020	GENE7	stop_gained	0.00281	high
S008	GENE20	synonymous_variant	0.0002	low
S007	GENE6	missense_variant	0.00429	moderate
S003	GENE21	missense_variant	0.01277	moderate
S017	GENE24	frameshift_variant	0.01148	high
S033	GENE1	missense_variant	0.00027	moderate
S048	GENE17	frameshift_variant	0.0356	high
S012	GENE29	frameshift_variant	0.04283	high
S022	GENE11	missense_variant	0.0102	moderate
S022	GENE22	missense_variant	0.01099	moderate
S046	GENE26	missense_variant	0.00208	moderate
S030	GENE28	synonymous_variant	0.18804	low
S038	GENE18	missense_variant	0.00396	moderate
S038	GENE21	missense_variant	0.01537	moderate
S045	GENE17	stop_gained	0.0	high
S008	GENE7	missense_variant	0.00259	moderate
S027	GENE17	missense_variant	0.15459	moderate
S027	GENE20	synonymous_variant	0.06201	low
S034	GENE9	missense_variant	0.08651	moderate
S021	GENE17	missense_variant	0.06973	moderate
S030	GENE20	frameshift_variant	0.12188	high
S033	GENE22	synonymous_variant	0.07896	low
S028	GENE22	missense_variant	0.11593	moderate
S047	GENE28	frameshift_variant	0.00014	high
S033	GENE29	splice_donor_variant	0.15706	high
S005	GENE8	missense_variant	0.00406	moderate
S048	GENE17	frameshift_variant	0.00056	high
S019	GENE7	synonymous_variant	0.18431	low
S004	GENE1	missense_variant	0.03492	moderate
S035	GENE13	stop_gained	0.07552	high
S049	GENE30	missense_variant	0.02196	moderate
S017	GENE23	missense_variant	9e-05	moderate
S044	GENE19	missense_variant	0.0018	moderate
S028	GENE27	frameshift_variant	0.1293	high
S030	GENE24	stop_gained	0.00025	high
S029	GENE19	missense_variant	0.17673	moderate
S046	GENE30	missense_variant	0.0016	moderate
S006	GENE30	missense_variant	0.04161	moderate
S035	GENE29	missense_variant	0.0536	moderate
S041	GENE17	missense_variant	0.05234	moderate
S037	GENE13	frameshift_variant	0.10626	high
S024	GENE29	missense_variant	0.00035	moderate
S029	GENE30	synonymous_variant	0.00681	low
S049	GENE16	missense_variant	0.12616	moderate
S046	GENE8	missense_variant	0.00686	moderate
S031	GENE19	splice_donor_variant	0.25833	high
S035	GENE18	splice_donor_variant	0.02963	high
S033	GENE1	missense_variant	0.00871	moderate
S021	GENE14	synonymous_variant	0.00044	low
S032	GENE19	missense_variant	0.00121	moderate
S023	GENE15	missense_variant	0.06055	moderate
S033	GENE18	missense_variant	1e-05	moderate
S003	GENE2	frameshift_variant	0.00355	high
S018	GENE22	missense_variant	0.03014	moderate
S025	GENE28	frameshift_variant	0.00327	high
S042	GENE17	frameshift_variant	0.05136	high
S031	GENE18	synonymous_variant	0.00495	low
S003	GENE30	missense_variant	0.01015	moderate
S040	GENE6	missense_variant	0.08337	moderate
S046	GENE19	frameshift_variant	0.01518	high
S024	GENE4	splice_donor_variant	0.10967	high
S050	GENE1	frameshift_variant	0.00176	high
S032	GENE8	frameshift_variant	0.11903	high
S047	GENE29	missense_variant	0.00019	moderate
S022	GENE23	splice_donor_variant	0.00088	high
S023	GENE7	missense_variant	0.23021	moderate
S002	GENE3	stop_gained	1e-05	high
S027	GENE10	frameshift_variant	0.04076	high
S042	GENE10	splice_donor_variant	0.0	high
S002	GENE19	missense_variant	0.00122	moderate
S026	GENE14	missense_variant	0.00105	moderate
S017	GENE2	missense_variant	0.00833	moderate
S040	GENE28	missense_variant	0.00635	moderate
S033	GENE1	missense_variant	0.00868	moderate
S009	GENE23	stop_gained	0.0421	high
S043	GENE23	splice_donor_variant	0.00506	high
S048	GENE28	missense_variant	0.20274	moderate
S039	GENE18	missense_variant	0.00111	moderate
S029	GENE7	splice_donor_variant	0.04285	high
S042	GENE29	synonymous_variant	0.00967	low
S026	GENE8	missense_variant	0.00118	moderate
S035	GENE1	splice_donor_variant	0.00185	high
S050	GENE25	missense_variant	0.00028	moderate
S025	GENE23	missense_variant	0.0196	moderate
S024	GENE3	missense_variant	0.00291	moderate
S013	GENE24	missense_variant	0.01197	moderate
S007	GENE23	splice_donor_variant	0.05018	high
S036	GENE27	missense_variant	0.00789	moderate
S045	GENE29	missense_variant	0.0401	moderate
S020	GENE8	missense_variant	0.00704	moderate
S001	GENE22	missense_variant	0.10366	moderate
S008	GENE25	stop_gained	0.00089	high
S046	GENE15	missense_variant	0.00335	moderate
S016	GENE5	splice_donor_variant	0.02433	high
S014	GENE3	missense_variant	0.03794	moderate
S012	GENE19	missense_variant	0.00237	moderate
S023	GENE1	frameshift_variant	0.02564	high
S015	GENE28	missense_variant	0.02033	moderate
S028	GENE15	frameshift_variant	0.04416	high
S034	GENE8	stop_gained	0.07711	high
S002	GENE2	missense_variant	4e-05	moderate
S032	GENE3	missense_variant	0.08269	moderate
S023	GENE24	synonymous_variant	0.08822	low
S022	GENE14	missense_variant	0.03085	moderate
S025	GENE24	splice_donor_variant	0.03071	high
S022	GENE14	missense_variant	0.22066	moderate
S022	GENE11	stop_gained	0.0492	high
S049	GENE16	synonymous_variant	0.0232	low
S042	GENE4	missense_variant	0.19215	moderate
S006	GENE20	missense_variant	3e-05	moderate
S015	GENE5	frameshift_variant	0.00152	high
S043	GENE22	missense_variant	0.04531	moderate
S037	GENE21	missense_variant	0.02014	moderate
S033	GENE14	missense_variant	0.14908	moderate
S008	GENE23	stop_gained	0.01631	high
S044	GENE16	splice_donor_variant	0.0551	high
S044	GENE18	synonymous_variant	0.08177	low
S005	GENE7	missense_variant	0.01593	moderate
S039	GENE10	missense_variant	0.09961	moderate
S004	GENE7	frameshift_variant	0.06346	high
S006	GENE1	synonymous_variant	0.04242	low
S045	GENE23	stop_gained	0.10556	high
S032	GENE21	missense_variant	0.00041	moderate
S030	GENE19	missense_variant	0.00804	moderate
S047	GENE16	frameshift_variant	0.04544	high
S035	GENE29	missense_variant	0.12853	moderate
S040	GENE19	stop_gained	0.07457	high
S016	GENE4	splice_donor_variant	0.14781	high
S013	GENE29	missense_variant	0.00775	moderate
S050	GENE28	synonymous_variant	0.00912	low
S042	GENE18	missense_variant	0.14783	moderate
S030	GENE2	missense_variant	0.00213	moderate
S019	GENE1	frameshift_variant	0.00106	high
S017	GENE15	stop_gained	0.03973	high
S019	GENE5	frameshift_variant	0.01009	high
S028	GENE20	frameshift_variant	0.00488	high
S026	GENE11	splice_donor_variant	0.10794	high
S037	GENE10	missense_variant	0.05438	moderate
S026	GENE2	splice_donor_variant	0.00024	high
S023	GENE3	frameshift_variant	0.07086	high
S009	GENE23	missense_variant	0.00221	moderate
S012	GENE23	missense_variant	0.03745	moderate
S001	GENE12	splice_donor_variant	0.02734	high
S001	GENE20	synonymous_variant	0.21997	low
S047	GENE5	synonymous_variant	0.00548	low
S034	GENE5	frameshift_variant	0.1451	high
S032	GENE6	missense_variant	0.12572	moderate
S048	GENE30	missense_variant	0.0036	moderate
S025	GENE9	missense_variant	0.00148	moderate
S040	GENE2	missense_variant	0.22752	moderate
S045	GENE21	missense_variant	0.01957	moderate
S001	GENE12	missense_variant	0.00905	moderate
S016	GENE3	missense_variant	0.00693	moderate
S039	GENE20	missense_variant	0.13649	moderate
S005	GENE26	missense_variant	0.0181	moderate
S022	GENE22	missense_variant	1e-05	moderate
S029	GENE12	missense_variant	0.00448	moderate
S003	GENE24	frameshift_variant	0.14835	high
S012	GENE17	frameshift_variant	6e-05	high
S026	GENE10	missense_variant	0.00683	moderate
S016	GENE30	splice_donor_variant	0.07688	high
S037	GENE24	stop_gained	0.00843	high
S022	GENE27	frameshift_variant	0.01628	high
S029	GENE14	frameshift_variant	0.00026	high
S014	GENE23	synonymous_variant	0.00025	low
S028	GENE17	missense_variant	0.00351	moderate
S005	GENE18	synonymous_variant	0.05641	low
S047	GENE19	missense_variant	0.17467	moderate
S049	GENE17	missense_variant	0.0021	moderate
S030	GENE14	splice_donor_variant	0.00111	high
S046	GENE9	missense_variant	0.01439	moderate
S005	GENE8	frameshift_variant	0.04658	high
S012	GENE2	synonymous_variant	0.01972	low
S016	GENE13	missense_variant	0.00254	moderate
S026	GENE25	splice_donor_variant	0.08072	high
S026	GENE7	synonymous_variant	0.23398	low
S048	GENE9	missense_variant	0.01523	moderate
S021	GENE22	missense_variant	0.07576	moderate
S039	GENE22	frameshift_variant	0.00987	high
S036	GENE11	missense_variant	0.05247	moderate
S033	GENE14	missense_variant	0.00586	moderate
S030	GENE4	frameshift_variant	0.01078	high
S037	GENE26	stop_gained	0.09615	high
S023	GENE26	missense_variant	0.02498	moderate
S010	GENE29	frameshift_variant	0.01018	high
S005	GENE13	missense_variant	0.07022	moderate
S036	GENE2	synonymous_variant	0.01117	low
S034	GENE23	synonymous_variant	0.00142	low
S031	GENE5	splice_donor_variant	0.05724	high
S010	GENE11	synonymous_variant	0.0067	low
S019	GENE6	stop_gained	0.06526	high
S032	GENE18	stop_gained	0.12361	high
S001	GENE21	missense_variant	0.00374	moderate
S005	GENE10	missense_variant	0.00943	moderate
S045	GENE4	missense_variant	0.06419	moderate
S004	GENE9	missense_variant	0.08244	moderate
S016	GENE6	frameshift_variant	0.03749	high
S024	GENE2	frameshift_variant	0.01304	high
S016	GENE17	missense_variant	0.08458	moderate
S002	GENE5	missense_variant	0.1532	moderate
S049	GENE25	missense_variant	0.00501	moderate
S028	GENE6	splice_donor_variant	0.02502	high
S032	GENE26	missense_variant	0.00059	moderate
S027	GENE12	frameshift_variant	0.15563	high
S020	GENE23	stop_gained	0.00465	high
S024	GENE21	missense_variant	0.0583	moderate
S012	GENE10	splice_donor_variant	0.01135	high
S050	GENE22	frameshift_variant	0.0	high
S035	GENE21	missense_variant	0.06321	moderate
S033	GENE27	missense_variant	0.06516	moderate
S033	GENE25	missense_variant	0.04505	moderate
S043	GENE6	frameshift_variant	0.21719	high
S037	GENE27	frameshift_variant	0.00075	high
S012	GENE8	frameshift_variant	0.00038	high
S003	GENE2	frameshift_variant	0.00055	high
S001	GENE12	missense_variant	0.03933	moderate
S033	GENE13	missense_variant	0.00088	moderate
S040	GENE25	missense_variant	0.0442	moderate
S010	GENE21	missense_variant	0.09704	moderate
S043	GENE7	missense_variant	0.01768	moderate
S044	GENE10	missense_variant	0.48798	moderate
S029	GENE13	missense_variant	0.01432	moderate
S013	GENE17	missense_variant	0.00885	moderate
S012	GENE26	missense_variant	0.01026	moderate
S031	GENE21	frameshift_variant	0.00677	high
S046	GENE28	missense_variant	0.11815	moderate
S002	GENE30	synonymous_variant	0.14744	low
S050	GENE26	frameshift_variant	0.00757	high
S035	GENE14	frameshift_variant	0.00013	high
S023	GENE2	missense_variant	0.00111	moderate
S017	GENE28	missense_variant	0.04531	moderate
S026	GENE22	missense_variant	0.08349	moderate
S008	GENE11	missense_variant	0.149	moderate
S029	GENE1	frameshift_variant	0.00711	high
S026	GENE19	missense_variant	0.21448	moderate
S010	GENE21	splice_donor_variant	0.02241	high
S026	GENE4	missense_variant	0.10665	moderate
S034	GENE19	missense_variant	0.05853	moderate
S041	GENE26	frameshift_variant	0.05928	high
S007	GENE29	stop_gained	0.00437	high
S004	GENE21	stop_gained	0.03362	high
S050	GENE11	missense_variant	0.07639	moderate
S045	GENE8	splice_donor_variant	0.06585	high
S011	GENE11	missense_variant	0.00866	moderate
S029	GENE4	missense_variant	0.00554	moderate
S036	GENE17	splice_donor_variant	0.01048	high
S025	GENE27	frameshift_variant	0.00755	high
S021	GENE7	frameshift_variant	0.28572	high
S036	GENE8	synonymous_variant	0.00839	low
S010	GENE3	frameshift_variant	0.23216	high
S037	GENE22	missense_variant	0.07447	moderate
S009	GENE2	missense_variant	0.00312	moderate
S024	GENE23	missense_variant	0.00463	moderate
S035	GENE15	synonymous_variant	0.0619	low
S049	GENE24	missense_variant	0.01394	moderate
S035	GENE22	synonymous_variant	0.00601	low
S048	GENE22	frameshift_variant	0.0596	high
S036	GENE5	frameshift_variant	0.07608	high
S018	GENE24	missense_variant	0.00531	moderate
S049	GENE1	synonymous_variant	0.001	low
S039	GENE26	missense_variant	0.11366	moderate
S032	GENE4	stop_gained	0.03972	high
S024	GENE15	splice_donor_variant	0.01651	high
S023	GENE20	synonymous_variant	0.15374	low
S032	GENE19	splice_donor_variant	0.03558	high
S037	GENE3	missense_variant	0.02716	moderate
S012	GENE20	missense_variant	0.22446	moderate
S049	GENE11	missense_variant	0.02699	moderate
S013	GENE17	missense_variant	0.00894	moderate
S023	GENE30	missense_variant	0.02053	moderate
S025	GENE27	frameshift_variant	0.00047	high
S035	GENE13	synonymous_variant	0.00063	low
S041	GENE11	missense_variant	0.0037	moderate
S030	GENE2	synonymous_variant	0.00715	low
S017	GENE9	frameshift_variant	0.00079	high
S049	GENE26	synonymous_variant	0.01649	low
S020	GENE2	missense_variant	0.10401	moderate
S048	GENE21	stop_gained	0.22437	high
S025	GENE9	stop_gained	0.03108	high
S022	GENE9	missense_variant	0.12275	moderate
S013	GENE8	missense_variant	0.03901	moderate
S019	GENE17	missense_variant	0.15079	moderate
S049	GENE1	frameshift_variant	0.0145	high
S036	GENE25	stop_gained	0.03074	high
S012	GENE29	missense_variant	0.0002	moderate
S041	GENE11	missense_variant	0.0155	moderate
S019	GENE8	missense_variant	0.05832	moderate
S012	GENE10	synonymous_variant	0.03015	low
S009	GENE25	synonymous_variant	0.01984	low
S007	GENE7	synonymous_variant	0.2232	low
S028	GENE3	missense_variant	0.13405	moderate
S014	GENE3	missense_variant	4e-05	moderate
S031	GENE18	missense_variant	0.0658	moderate
S019	GENE5	missense_variant	0.09411	moderate
S047	GENE12	missense_variant	0.27838	moderate
S016	GENE12	stop_gained	0.10737	high
S005	GENE19	missense_variant	0.00605	moderate
S035	GENE30	stop_gained	0.00065	high
S012	GENE6	missense_variant	0.006	moderate
S025	GENE2	synonymous_variant	0.00165	low
S021	GENE12	missense_variant	0.06063	moderate
S036	GENE19	frameshift_variant	0.00904	high
S023	GENE5	synonymous_variant	0.00258	low
S016	GENE12	missense_variant	0.08031	moderate
S039	GENE27	stop_gained	0.00025	high
S045	GENE27	splice_donor_variant	0.00112	high
S042	GENE17	splice_donor_variant	0.01914	high
S039	GENE29	stop_gained	0.07708	high
S014	GENE17	synonymous_variant	0.05535	low
S031	GENE10	missense_variant	0.08832	moderate
S005	GENE25	synonymous_variant	0.10964	low
S035	GENE23	splice_donor_variant	0.1579	high
S023	GENE17	frameshift_variant	0.00021	high
S029	GENE15	missense_variant	0.04733	moderate
S043	GENE12	frameshift_variant	0.00521	high
S011	GENE30	missense_variant	0.02202	moderate
S018	GENE16	synonymous_variant	0.00636	low
S047	GENE24	missense_variant	0.08452	moderate
S012	GENE19	missense_variant	0.01217	moderate
S009	GENE8	frameshift_variant	0.00102	high
S010	GENE21	stop_gained	0.1731	high
S044	GENE17	frameshift_variant	0.09583	high
S017	GENE23	missense_variant	0.031	moderate
S038	GENE5	stop_gained	0.09613	high
S007	GENE22	missense_variant	0.00764	moderate
S046	GENE16	missense_variant	0.00407	moderate
S013	GENE6	missense_variant	0.00041	moderate
S040	GENE8	frameshift_variant	0.11308	high
S042	GENE25	splice_donor_variant	0.02087	high
S009	GENE18	synonymous_variant	0.00014	low
S050	GENE25	missense_variant	0.0022	moderate
S027	GENE12	missense_variant	0.01364	moderate
S002	GENE15	stop_gained	0.03768	high
S005	GENE27	synonymous_variant	0.02346	low
S029	GENE26	missense_variant	0.31858	moderate
S037	GENE9	splice_donor_variant	0.12087	high
S038	GENE13	synonymous_variant	0.01055	low
S019	GENE26	splice_donor_variant	1e-05	high
S008	GENE15	missense_variant	9e-05	moderate
S048	GENE10	missense_variant	0.0023	moderate
S045	GENE16	frameshift_variant	0.01152	high
S001	GENE7	synonymous_variant	0.05886	low
S022	GENE17	missense_variant	0.00015	moderate
S017	GENE23	missense_variant	0.00754	moderate
S007	GENE26	frameshift_variant	0.00038	high
S025	GENE21	stop_gained	0.05157	high
S045	GENE22	splice_donor_variant	0.02449	high
S004	GENE26	missense_variant	0.00318	moderate
S036	GENE7	splice_donor_variant	0.22518	high
S006	GENE14	missense_variant	0.00237	moderate
S031	GENE15	missense_variant	0.02812	moderate
S019	GENE21	frameshift_variant	0.14258	high
S044	GENE7	missense_variant	0.01023	moderate
S039	GENE9	stop_gained	0.02066	high
S027	GENE19	synonymous_variant	0.1334	low
S010	GENE16	missense_variant	0.12569	moderate
S026	GENE8	frameshift_variant	0.00105	high
S019	GENE18	splice_donor_variant	0.0023	high
S039	GENE27	missense_variant	0.00684	moderate
S003	GENE23	missense_variant	0.03941	moderate
S045	GENE29	missense_variant	0.06313	moderate
S013	GENE18	missense_variant	1e-05	moderate
S050	GENE30	frameshift_variant	0.00037	high
S028	GENE20	frameshift_variant	0.33792	high
S020	GENE7	stop_gained	0.00053	high
S028	GENE3	missense_variant	0.00902	moderate
S008	GENE18	synonymous_variant	0.03791	low
S041	GENE27	missense_variant	0.13712	moderate
S039	GENE10	frameshift_variant	0.00033	high
S001	GENE7	missense_variant	0.00874	moderate
S003	GENE17	missense_variant	0.18959	moderate
S013	GENE14	missense_variant	0.00969	moderate
S028	GENE24	synonymous_variant	0.00059	low
S049	GENE3	splice_donor_variant	0.01133	high
S025	GENE12	frameshift_variant	0.08008	high
S033	GENE28	synonymous_variant	0.03399	low
S038	GENE13	missense_variant	4e-05	moderate
S006	GENE2	splice_donor_variant	0.09774	high
S044	GENE3	missense_variant	0.13719	moderate
S045	GENE5	missense_variant	0.00938	moderate
S032	GENE11	missense_variant	0.00173	moderate
S045	GENE8	missense_variant	0.02477	moderate
S047	GENE26	missense_variant	0.07573	moderate
S021	GENE23	missense_variant	0.02951	moderate
S016	GENE23	missense_variant	0.06412	moderate
S021	GENE12	missense_variant	0.15658	moderate
S011	GENE7	missense_variant	0.0011	moderate
S037	GENE15	missense_variant	0.03095	moderate
S036	GENE24	stop_gained	0.04326	high
S035	GENE17	missense_variant	0.00344	moderate
S019	GENE4	missense_variant	0.00596	moderate
S020	GENE29	missense_variant	0.00022	moderate
S018	GENE22	missense_variant	0.0	moderate
S047	GENE25	missense_variant	0.04281	moderate
S041	GENE13	missense_variant	0.0	moderate
S049	GENE18	missense_variant	0.05748	moderate
S014	GENE1	frameshift_variant	0.01772	high
S015	GENE16	missense_variant	0.14376	moderate
S031	GENE13	missense_variant	0.00062	moderate
S001	GENE10	missense_variant	0.00109	moderate
S003	GENE12	frameshift_variant	0.07216	high
S016	GENE30	frameshift_variant	0.13078	high
S023	GENE2	missense_variant	0.02683	moderate
S011	GENE23	stop_gained	0.02999	high
S012	GENE3	frameshift_variant	0.05359	high
S010	GENE10	stop_gained	0.1004	high
S032	GENE2	frameshift_variant	0.11404	high
S016	GENE30	frameshift_variant	0.0288	high
S008	GENE27	missense_variant	0.00913	moderate
S038	GENE23	missense_variant	0.05036	moderate
S012	GENE13	synonymous_variant	0.02364	low
S024	GENE13	missense_variant	0.02967	moderate
S028	GENE18	missense_variant	0.00465	moderate
S008	GENE3	frameshift_variant	0.03182	high
S028	GENE27	frameshift_variant	0.01972	high
S036	GENE7	missense_variant	0.11702	moderate
S026	GENE14	stop_gained	0.02923	high
S008	GENE20	missense_variant	0.00884	moderate
S050	GENE29	missense_variant	0.03614	moderate
S028	GENE30	missense_variant	0.05189	moderate
S028	GENE17	stop_gained	0.0309	high
S037	GENE29	splice_donor_variant	0.01586	high
S041	GENE30	missense_variant	0.01679	moderate
S036	GENE21	frameshift_variant	0.00289	high
S027	GENE12	missense_variant	0.14292	moderate
S017	GENE25	missense_variant	0.00125	moderate
S009	GENE16	synonymous_variant	0.02073	low
S033	GENE24	frameshift_variant	0.04551	high
S020	GENE12	missense_variant	0.00039	moderate
S013	GENE15	missense_variant	0.075	moderate
S028	GENE25	missense_variant	0.01325	moderate
S048	GENE10	frameshift_variant	0.05149	high
S029	GENE30	missense_variant	0.05854	moderate
S013	GENE25	frameshift_variant	0.00127	high
S046	GENE7	missense_variant	0.05963	moderate
S035	GENE20	stop_gained	0.0584	high
S006	GENE5	missense_variant	0.00249	moderate
S018	GENE1	missense_variant	0.02342	moderate
S005	GENE30	missense_variant	3e-05	moderate
S047	GENE17	splice_donor_variant	0.02533	high
S025	GENE3	frameshift_variant	0.07526	high
S002	GENE13	missense_variant	0.20057	moderate
S010	GENE14	missense_variant	0.00381	moderate
S030	GENE24	frameshift_variant	0.01687	high
S050	GENE30	missense_variant	0.11582	moderate
S045	GENE18	synonymous_variant	0.04513	low
S005	GENE4	missense_variant	0.01778	moderate
S033	GENE18	missense_variant	0.02744	moderate
S001	GENE30	synonymous_variant	0.02106	low
S018	GENE5	frameshift_variant	3e-05	high
S032	GENE25	missense_variant	0.00602	moderate
S047	GENE16	synonymous_variant	0.20789	low
S049	GENE1	frameshift_variant	0.00815	high
S011	GENE21	missense_variant	0.00961	moderate
S021	GENE14	missense_variant	0.33846	moderate
S026	GENE15	missense_variant	0.08729	moderate
S025	GENE9	missense_variant	0.04392	moderate
S022	GENE15	synonymous_variant	0.13148	low
S027	GENE17	missense_variant	0.05806	moderate
S049	GENE25	stop_gained	0.02827	high
S013	GENE24	synonymous_variant	0.08594	low
S033	GENE4	frameshift_variant	0.00121	high
S034	GENE12	missense_variant	0.00038	moderate
S041	GENE27	missense_variant	0.00453	moderate
S035	GENE26	missense_variant	0.01181	moderate
S001	GENE5	missense_variant	0.02568	moderate
S021	GENE29	synonymous_variant	0.0087	low
S048	GENE5	missense_variant	0.1502	moderate
S006	GENE11	missense_variant	0.02083	moderate
S028	GENE28	stop_gained	0.00427	high
S017	GENE6	synonymous_variant	0.0	low
S005	GENE7	synonymous_variant	0.01517	low
S031	GENE24	missense_variant	0.00069	moderate
S005	GENE14	stop_gained	0.26252	high
S038	GENE24	stop_gained	0.0	high
S003	GENE11	frameshift_variant	0.01861	high
S023	GENE30	frameshift_variant	0.04374	high
S037	GENE13	missense_variant	0.00066	moderate
S037	GENE2	synonymous_variant	0.00413	low
S010	GENE25	missense_variant	0.00947	moderate
S010	GENE7	stop_gained	0.00188	high
S019	GENE20	splice_donor_variant	0.00163	high
S017	GENE4	stop_gained	0.00774	high
S021	GENE27	stop_gained	0.02666	high
S014	GENE8	splice_donor_variant	0.00214	high
S009	GENE20	splice_donor_variant	0.00014	high
S046	GENE29	missense_variant	0.11076	moderate
S001	GENE22	synonymous_variant	0.00565	low
S045	GENE21	missense_variant	0.06198	moderate
S013	GENE19	missense_variant	0.00928	moderate
S004	GENE13	missense_variant	0.00348	moderate
S001	GENE14	splice_donor_variant	0.07283	high
S049	GENE10	frameshift_variant	0.0023	high
S040	GENE11	synonymous_variant	0.00325	low
S032	GENE2	stop_gained	0.03907	high
S034	GENE25	missense_variant	8e-05	moderate
S028	GENE26	missense_variant	0.17367	moderate
S031	GENE9	splice_donor_variant	0.00545	high
S008	GENE17	splice_donor_variant	0.00056	high
S039	GENE26	missense_variant	0.08224	moderate
S026	GENE3	stop_gained	0.14936	high
S034	GENE24	frameshift_variant	0.21532	high
S003	GENE6	missense_variant	0.02997	moderate
S050	GENE5	missense_variant	0.07824	moderate
S012	GENE5	frameshift_variant	0.00739	high
S001	GENE22	synonymous_variant	0.01152	low
S044	GENE15	missense_variant	7e-05	moderate
S005	GENE23	missense_variant	0.02504	moderate
S030	GENE17	missense_variant	0.00016	moderate
S030	GENE9	missense_variant	0.06124	moderate
S017	GENE3	missense_variant	0.0333	moderate
S048	GENE20	synonymous_variant	0.00141	low
S047	GENE26	frameshift_variant	0.00108	high
S023	GENE17	missense_variant	0.00097	moderate
S015	GENE29	frameshift_variant	0.0648	high
S037	GENE27	splice_donor_variant	0.03055	high
S021	GENE10	splice_donor_variant	0.02585	high
S014	GENE3	synonymous_variant	4e-05	low
S002	GENE18	synonymous_variant	0.11575	low
S011	GENE18	frameshift_variant	0.06127	high
S039	GENE30	stop_gained	0.07891	high
S038	GENE17	missense_variant	0.00434	moderate
S034	GENE24	missense_variant	0.04361	moderate
S038	GENE3	stop_gained	0.00121	high
S050	GENE3	missense_variant	0.04354	moderate
S034	GENE6	missense_variant	0.25955	moderate
S018	GENE13	synonymous_variant	0.00105	low
S030	GENE24	frameshift_variant	0.28361	high
S015	GENE29	missense_variant	0.00958	moderate
S027	GENE15	missense_variant	0.02117	moderate
S034	GENE25	missense_variant	0.11778	moderate
S038	GENE9	missense_variant	0.0061	moderate
S033	GENE4	missense_variant	0.05482	moderate
S024	GENE14	frameshift_variant	0.08697	high
S015	GENE5	missense_variant	0.22864	moderate
S030	GENE2	missense_variant	0.11426	moderate
S042	GENE11	frameshift_variant	0.00125	high
S017	GENE9	missense_variant	0.08007	moderate
S005	GENE24	frameshift_variant	0.00105	high
S029	GENE3	stop_gained	0.00244	high
S004	GENE27	synonymous_variant	0.09225	low
S010	GENE28	missense_variant	0.0067	moderate
S017	GENE29	missense_variant	0.11957	moderate
S010	GENE9	splice_donor_variant	0.00365	high
S017	GENE3	missense_variant	0.00352	moderate
S020	GENE25	frameshift_variant	0.00293	high
S024	GENE2	missense_variant	0.06485	moderate
S005	GENE12	synonymous_variant	0.00011	low
S034	GENE10	missense_variant	0.00302	moderate
S006	GENE9	missense_variant	0.04246	moderate
S002	GENE15	splice_donor_variant	0.03258	high
S013	GENE8	synonymous_variant	0.01082	low
S043	GENE25	missense_variant	0.05376	moderate
S043	GENE5	missense_variant	0.24826	moderate
S048	GENE11	missense_variant	0.07268	moderate
S011	GENE27	stop_gained	0.00356	high
S047	GENE2	frameshift_variant	0.08574	high
S023	GENE24	missense_variant	0.02031	moderate
S016	GENE28	frameshift_variant	0.06481	high
S031	GENE15	splice_donor_variant	0.04097	high
S011	GENE6	synonymous_variant	0.03036	low
S016	GENE8	missense_variant	1e-05	moderate
S008	GENE27	missense_variant	0.0131	moderate
S004	GENE5	missense_variant	0.00529	moderate
S040	GENE16	missense_variant	0.00682	moderate
S004	GENE26	stop_gained	0.0	high
S025	GENE18	splice_donor_variant	0.35604	high
S003	GENE6	splice_donor_variant	0.17334	high
S032	GENE5	missense_variant	0.07469	moderate
S003	GENE28	missense_variant	0.00599	moderate
S027	GENE16	missense_variant	4e-05	moderate
S029	GENE13	missense_variant	0.00593	moderate
S032	GENE28	missense_variant	0.01362	moderate
S050	GENE5	stop_gained	0.01502	high
S019	GENE13	missense_variant	0.00799	moderate
S021	GENE17	frameshift_variant	0.0072	high
S005	GENE18	frameshift_variant	0.01686	high
S018	GENE8	stop_gained	0.01131	high
S028	GENE13	missense_variant	0.10342	moderate
S042	GENE30	missense_variant	0.05698	moderate
S022	GENE29	splice_donor_variant	0.08685	high
S021	GENE19	splice_donor_variant	0.0734	high
S006	GENE26	missense_variant	0.03893	moderate
S001	GENE3	frameshift_variant	0.01056	high
S005	GENE24	synonymous_variant	0.00118	low
S041	GENE8	missense_variant	0.29009	moderate
S012	GENE2	missense_variant	0.03904	moderate
S026	GENE8	missense_variant	2e-05	moderate
S046	GENE27	frameshift_variant	0.04001	high
S034	GENE13	missense_variant	0.00609	moderate
S049	GENE13	missense_variant	0.18081	moderate
S014	GENE1	synonymous_variant	0.00276	low
S026	GENE6	frameshift_variant	0.00101	high
S045	GENE24	missense_variant	0.01228	moderate
S027	GENE19	missense_variant	0.01143	moderate
S009	GENE16	stop_gained	0.01302	high
S026	GENE8	missense_variant	0.00059	moderate
S047	GENE28	missense_variant	0.05602	moderate
S022	GENE1	missense_variant	0.04034	moderate
S047	GENE27	splice_donor_variant	0.0524	high
S030	GENE27	missense_variant	0.00458	moderate
S043	GENE16	synonymous_variant	0.29587	low
S048	GENE9	synonymous_variant	0.06228	low
S017	GENE13	frameshift_variant	0.07132	high
S026	GENE11	missense_variant	0.00057	moderate
S036	GENE13	splice_donor_variant	0.04431	high
S001	GENE25	synonymous_variant	0.02947	low
S008	GENE21	missense_variant	0.18447	moderate
S049	GENE10	frameshift_variant	0.07131	high
S035	GENE4	missense_variant	0.00157	moderate
S015	GENE27	splice_donor_variant	0.11477	high
S047	GENE6	synonymous_variant	0.06765	low
S022	GENE28	synonymous_variant	0.04831	low
S014	GENE7	missense_variant	0.07621	moderate
S026	GENE5	frameshift_variant	0.00298	high
S028	GENE11	missense_variant	0.07186	moderate
S023	GENE13	stop_gained	0.10759	high
S014	GENE26	stop_gained	0.11239	high
S024	GENE25	missense_variant	0.0831	moderate
S002	GENE19	frameshift_variant	0.0487	high
S045	GENE23	missense_variant	0.16999	moderate
S026	GENE10	synonymous_variant	0.00312	low
S014	GENE10	splice_donor_variant	0.03242	high
S007	GENE11	splice_donor_variant	0.0016	high
S003	GENE21	synonymous_variant	0.04958	low
S047	GENE30	frameshift_variant	0.02146	high
S023	GENE7	missense_variant	0.01415	moderate
S046	GENE18	synonymous_variant	0.04975	low
S043	GENE4	synonymous_variant	0.03163	low
S047	GENE2	missense_variant	0.00998	moderate
S045	GENE14	splice_donor_variant	0.00089	high
S018	GENE13	splice_donor_variant	0.05765	high
S038	GENE29	missense_variant	0.02867	moderate
S035	GENE12	synonymous_variant	0.26832	low
S015	GENE7	missense_variant	0.15633	moderate
S025	GENE2	frameshift_variant	0.006	high
S037	GENE13	frameshift_variant	0.00392	high
S028	GENE14	stop_gained	0.00334	high
S010	GENE27	missense_variant	0.04038	moderate
S039	GENE17	missense_variant	0.059	moderate
S017	GENE9	synonymous_variant	0.01512	low
S039	GENE17	missense_variant	0.0055	moderate
S022	GENE8	frameshift_variant	0.05824	high
S026	GENE2	missense_variant	0.02361	moderate
S044	GENE28	missense_variant	0.03858	moderate
S025	GENE24	missense_variant	0.01837	moderate
S017	GENE13	missense_variant	6e-05	moderate
S013	GENE3	missense_variant	0.04299	moderate
S020	GENE16	missense_variant	0.00335	moderate
S025	GENE6	splice_donor_variant	0.08766	high
S004	GENE19	stop_gained	0.00312	high
S010	GENE30	missense_variant	0.03073	moderate
S003	GENE7	frameshift_variant	0.2262	high
S041	GENE10	splice_donor_variant	0.01083	high
S045	GENE9	stop_gained	0.00363	high
S018	GENE2	missense_variant	0.03946	moderate
S047	GENE28	frameshift_variant	0.02974	high
S036	GENE28	missense_variant	0.01146	moderate
S047	GENE15	synonymous_variant	0.07521	low
S022	GENE30	stop_gained	0.06366	high
S034	GENE5	stop_gained	0.04388	high
S047	GENE29	splice_donor_variant	0.06263	high
S008	GENE22	synonymous_variant	0.0006	low
S040	GENE4	frameshift_variant	0.01918	high
S049	GENE20	missense_variant	0.00082	moderate
S044	GENE4	stop_gained	0.04195	high
S019	GENE18	missense_variant	0.09743	moderate
S042	GENE4	missense_variant	0.00372	moderate
S041	GENE27	missense_variant	0.00678	moderate
S037	GENE17	synonymous_variant	0.00088	low
S006	GENE12	frameshift_variant	0.00902	high
S026	GENE22	missense_variant	0.00064	moderate
S034	GENE17	stop_gained	0.06532	high
S045	GENE10	synonymous_variant	0.09145	low
S006	GENE22	missense_variant	0.02476	moderate
S037	GENE1	synonymous_variant	0.02296	low
